{
  "ext/view/ViewPdfPage.controller.js": 1731258355466,
  "i18n/i18n.properties": 1731274350547,
  "ext/controller/ExtractPdf.js": 1731274278447,
  "manifest.json": 1731862917233,
  "Component.js": 1731253109795,
  "Component-dbg.js": 1731253109795,
  "Component.js.map": 1731862917334,
  "ext/controller/ExtractPdf-dbg.js": 1731274278447,
  "ext/controller/ExtractPdf.js.map": 1731862917346,
  "ext/view/ViewPdfPage-dbg.controller.js": 1731258355466,
  "ext/view/ViewPdfPage.controller.js.map": 1731862917340,
  "Component-preload.js": 1731862917423,
  "Component-preload.js.map": 1731862917423,
  "ext/view/ViewPdfPage.view.xml": 1731257834591,
  "ext/controller/ExtractPdf.fragment.xml": 1731273613862,
  "index.html": 1731253109795
}